Frame;dates;url;Direction;Observation;id;Wrapped.Interferogram
034A_07541_000305;20210110_20210116;https://gws-access.jasmin.ac.uk/public/nceo_geohazards/LiCSAR_products/34/034A_07541_000305/interferograms/20210110_20210116;A;Coseismic;us7000d0d0;https://gws-access.jasmin.ac.uk/public/nceo_geohazards/LiCSAR_products/34/034A_07541_000305/interferograms/20210110_20210116/20210110_20210116.geo.diff_pha.tif
034A_07541_000305;20201229_20210116;https://gws-access.jasmin.ac.uk/public/nceo_geohazards/LiCSAR_products/34/034A_07541_000305/interferograms/20201229_20210116;A;Coseismic;us7000d0d0;https://gws-access.jasmin.ac.uk/public/nceo_geohazards/LiCSAR_products/34/034A_07541_000305/interferograms/20201229_20210116/20201229_20210116.geo.diff_pha.tif
034A_07541_000305;20210104_20210116;https://gws-access.jasmin.ac.uk/public/nceo_geohazards/LiCSAR_products/34/034A_07541_000305/interferograms/20210104_20210116;A;Coseismic;us7000d0d0;https://gws-access.jasmin.ac.uk/public/nceo_geohazards/LiCSAR_products/34/034A_07541_000305/interferograms/20210104_20210116/20210104_20210116.geo.diff_pha.tif
034A_07467_001015;20210110_20210116;https://gws-access.jasmin.ac.uk/public/nceo_geohazards/LiCSAR_products/34/034A_07467_001015/interferograms/20210110_20210116;A;Coseismic;us7000d0d0;https://gws-access.jasmin.ac.uk/public/nceo_geohazards/LiCSAR_products/34/034A_07467_001015/interferograms/20210110_20210116/20210110_20210116.geo.diff_pha.tif
034A_07467_001015;20201229_20210116;https://gws-access.jasmin.ac.uk/public/nceo_geohazards/LiCSAR_products/34/034A_07467_001015/interferograms/20201229_20210116;A;Coseismic;us7000d0d0;https://gws-access.jasmin.ac.uk/public/nceo_geohazards/LiCSAR_products/34/034A_07467_001015/interferograms/20201229_20210116/20201229_20210116.geo.diff_pha.tif
034A_07467_001015;20210104_20210116;https://gws-access.jasmin.ac.uk/public/nceo_geohazards/LiCSAR_products/34/034A_07467_001015/interferograms/20210104_20210116;A;Coseismic;us7000d0d0;https://gws-access.jasmin.ac.uk/public/nceo_geohazards/LiCSAR_products/34/034A_07467_001015/interferograms/20210104_20210116/20210104_20210116.geo.diff_pha.tif
136A_07522_091613;20201230_20210117;https://gws-access.jasmin.ac.uk/public/nceo_geohazards/LiCSAR_products/136/136A_07522_091613/interferograms/20201230_20210117;A;Coseismic;us7000d0d0;https://gws-access.jasmin.ac.uk/public/nceo_geohazards/LiCSAR_products/136/136A_07522_091613/interferograms/20201230_20210117/20201230_20210117.geo.diff_pha.tif
136A_07522_091613;20210111_20210117;https://gws-access.jasmin.ac.uk/public/nceo_geohazards/LiCSAR_products/136/136A_07522_091613/interferograms/20210111_20210117;A;Coseismic;us7000d0d0;https://gws-access.jasmin.ac.uk/public/nceo_geohazards/LiCSAR_products/136/136A_07522_091613/interferograms/20210111_20210117/20210111_20210117.geo.diff_pha.tif
136A_07522_091613;20210105_20210117;https://gws-access.jasmin.ac.uk/public/nceo_geohazards/LiCSAR_products/136/136A_07522_091613/interferograms/20210105_20210117;A;Coseismic;us7000d0d0;https://gws-access.jasmin.ac.uk/public/nceo_geohazards/LiCSAR_products/136/136A_07522_091613/interferograms/20210105_20210117/20210105_20210117.geo.diff_pha.tif
136A_07496_151719;20201230_20210117;https://gws-access.jasmin.ac.uk/public/nceo_geohazards/LiCSAR_products/136/136A_07496_151719/interferograms/20201230_20210117;A;Coseismic;us7000d0d0;https://gws-access.jasmin.ac.uk/public/nceo_geohazards/LiCSAR_products/136/136A_07496_151719/interferograms/20201230_20210117/20201230_20210117.geo.diff_pha.tif
136A_07496_151719;20210111_20210117;https://gws-access.jasmin.ac.uk/public/nceo_geohazards/LiCSAR_products/136/136A_07496_151719/interferograms/20210111_20210117;A;Coseismic;us7000d0d0;https://gws-access.jasmin.ac.uk/public/nceo_geohazards/LiCSAR_products/136/136A_07496_151719/interferograms/20210111_20210117/20210111_20210117.geo.diff_pha.tif
136A_07496_151719;20210105_20210117;https://gws-access.jasmin.ac.uk/public/nceo_geohazards/LiCSAR_products/136/136A_07496_151719/interferograms/20210105_20210117;A;Coseismic;us7000d0d0;https://gws-access.jasmin.ac.uk/public/nceo_geohazards/LiCSAR_products/136/136A_07496_151719/interferograms/20210105_20210117/20210105_20210117.geo.diff_pha.tif
099D_07414_161310;20210102_20210120;https://gws-access.jasmin.ac.uk/public/nceo_geohazards/LiCSAR_products/99/099D_07414_161310/interferograms/20210102_20210120;D;Coseismic;us7000d0d0;https://gws-access.jasmin.ac.uk/public/nceo_geohazards/LiCSAR_products/99/099D_07414_161310/interferograms/20210102_20210120/20210102_20210120.geo.diff_pha.tif
099D_07414_161310;20210114_20210120;https://gws-access.jasmin.ac.uk/public/nceo_geohazards/LiCSAR_products/99/099D_07414_161310/interferograms/20210114_20210120;D;Coseismic;us7000d0d0;https://gws-access.jasmin.ac.uk/public/nceo_geohazards/LiCSAR_products/99/099D_07414_161310/interferograms/20210114_20210120/20210114_20210120.geo.diff_pha.tif
099D_07414_161310;20210108_20210120;https://gws-access.jasmin.ac.uk/public/nceo_geohazards/LiCSAR_products/99/099D_07414_161310/interferograms/20210108_20210120;D;Coseismic;us7000d0d0;https://gws-access.jasmin.ac.uk/public/nceo_geohazards/LiCSAR_products/99/099D_07414_161310/interferograms/20210108_20210120/20210108_20210120.geo.diff_pha.tif
026D_07514_131212;20201116_20201122;https://gws-access.jasmin.ac.uk/public/nceo_geohazards/LiCSAR_products/26/026D_07514_131212/interferograms/20201116_20201122;D;Preseismic;us7000d0d0;https://gws-access.jasmin.ac.uk/public/nceo_geohazards/LiCSAR_products/26/026D_07514_131212/interferograms/20201116_20201122/20201116_20201122.geo.diff_pha.tif
026D_07514_131212;20201122_20210121;https://gws-access.jasmin.ac.uk/public/nceo_geohazards/LiCSAR_products/26/026D_07514_131212/interferograms/20201122_20210121;D;Coseismic;us7000d0d0;https://gws-access.jasmin.ac.uk/public/nceo_geohazards/LiCSAR_products/26/026D_07514_131212/interferograms/20201122_20210121/20201122_20210121.geo.diff_pha.tif
026D_07514_131212;20201116_20210121;https://gws-access.jasmin.ac.uk/public/nceo_geohazards/LiCSAR_products/26/026D_07514_131212/interferograms/20201116_20210121;D;Coseismic;us7000d0d0;https://gws-access.jasmin.ac.uk/public/nceo_geohazards/LiCSAR_products/26/026D_07514_131212/interferograms/20201116_20210121/20201116_20210121.geo.diff_pha.tif
026D_07514_131212;20201110_20201122;https://gws-access.jasmin.ac.uk/public/nceo_geohazards/LiCSAR_products/26/026D_07514_131212/interferograms/20201110_20201122;D;Preseismic;us7000d0d0;https://gws-access.jasmin.ac.uk/public/nceo_geohazards/LiCSAR_products/26/026D_07514_131212/interferograms/20201110_20201122/20201110_20201122.geo.diff_pha.tif
026D_07514_131212;20201128_20210121;https://gws-access.jasmin.ac.uk/public/nceo_geohazards/LiCSAR_products/26/026D_07514_131212/interferograms/20201128_20210121;D;Coseismic;us7000d0d0;https://gws-access.jasmin.ac.uk/public/nceo_geohazards/LiCSAR_products/26/026D_07514_131212/interferograms/20201128_20210121/20201128_20210121.geo.diff_pha.tif
026D_07514_131212;20201104_20201116;https://gws-access.jasmin.ac.uk/public/nceo_geohazards/LiCSAR_products/26/026D_07514_131212/interferograms/20201104_20201116;D;Preseismic;us7000d0d0;https://gws-access.jasmin.ac.uk/public/nceo_geohazards/LiCSAR_products/26/026D_07514_131212/interferograms/20201104_20201116/20201104_20201116.geo.diff_pha.tif
026D_07514_131212;20201104_20201122;https://gws-access.jasmin.ac.uk/public/nceo_geohazards/LiCSAR_products/26/026D_07514_131212/interferograms/20201104_20201122;D;Preseismic;us7000d0d0;https://gws-access.jasmin.ac.uk/public/nceo_geohazards/LiCSAR_products/26/026D_07514_131212/interferograms/20201104_20201122/20201104_20201122.geo.diff_pha.tif
026D_07514_131212;20201110_20210121;https://gws-access.jasmin.ac.uk/public/nceo_geohazards/LiCSAR_products/26/026D_07514_131212/interferograms/20201110_20210121;D;Coseismic;us7000d0d0;https://gws-access.jasmin.ac.uk/public/nceo_geohazards/LiCSAR_products/26/026D_07514_131212/interferograms/20201110_20210121/20201110_20210121.geo.diff_pha.tif
026D_07514_131212;20201110_20201116;https://gws-access.jasmin.ac.uk/public/nceo_geohazards/LiCSAR_products/26/026D_07514_131212/interferograms/20201110_20201116;D;Preseismic;us7000d0d0;https://gws-access.jasmin.ac.uk/public/nceo_geohazards/LiCSAR_products/26/026D_07514_131212/interferograms/20201110_20201116/20201110_20201116.geo.diff_pha.tif
026D_07514_131212;20201104_20210121;https://gws-access.jasmin.ac.uk/public/nceo_geohazards/LiCSAR_products/26/026D_07514_131212/interferograms/20201104_20210121;D;Coseismic;us7000d0d0;https://gws-access.jasmin.ac.uk/public/nceo_geohazards/LiCSAR_products/26/026D_07514_131212/interferograms/20201104_20210121/20201104_20210121.geo.diff_pha.tif
026D_07514_131212;20201104_20201110;https://gws-access.jasmin.ac.uk/public/nceo_geohazards/LiCSAR_products/26/026D_07514_131212/interferograms/20201104_20201110;D;Preseismic;us7000d0d0;https://gws-access.jasmin.ac.uk/public/nceo_geohazards/LiCSAR_products/26/026D_07514_131212/interferograms/20201104_20201110/20201104_20201110.geo.diff_pha.tif
034A_07541_000305;20210110_20210122;https://gws-access.jasmin.ac.uk/public/nceo_geohazards/LiCSAR_products/34/034A_07541_000305/interferograms/20210110_20210122;A;Coseismic;us7000d0d0;https://gws-access.jasmin.ac.uk/public/nceo_geohazards/LiCSAR_products/34/034A_07541_000305/interferograms/20210110_20210122/20210110_20210122.geo.diff_pha.tif
034A_07541_000305;20210104_20210122;https://gws-access.jasmin.ac.uk/public/nceo_geohazards/LiCSAR_products/34/034A_07541_000305/interferograms/20210104_20210122;A;Coseismic;us7000d0d0;https://gws-access.jasmin.ac.uk/public/nceo_geohazards/LiCSAR_products/34/034A_07541_000305/interferograms/20210104_20210122/20210104_20210122.geo.diff_pha.tif
034A_07541_000305;20201229_20210122;https://gws-access.jasmin.ac.uk/public/nceo_geohazards/LiCSAR_products/34/034A_07541_000305/interferograms/20201229_20210122;A;Coseismic;us7000d0d0;https://gws-access.jasmin.ac.uk/public/nceo_geohazards/LiCSAR_products/34/034A_07541_000305/interferograms/20201229_20210122/20201229_20210122.geo.diff_pha.tif
034A_07541_000305;20210116_20210122;https://gws-access.jasmin.ac.uk/public/nceo_geohazards/LiCSAR_products/34/034A_07541_000305/interferograms/20210116_20210122;A;Postseismic;us7000d0d0;https://gws-access.jasmin.ac.uk/public/nceo_geohazards/LiCSAR_products/34/034A_07541_000305/interferograms/20210116_20210122/20210116_20210122.geo.diff_pha.tif
034A_07467_001015;20210110_20210122;https://gws-access.jasmin.ac.uk/public/nceo_geohazards/LiCSAR_products/34/034A_07467_001015/interferograms/20210110_20210122;A;Coseismic;us7000d0d0;https://gws-access.jasmin.ac.uk/public/nceo_geohazards/LiCSAR_products/34/034A_07467_001015/interferograms/20210110_20210122/20210110_20210122.geo.diff_pha.tif
034A_07467_001015;20210104_20210122;https://gws-access.jasmin.ac.uk/public/nceo_geohazards/LiCSAR_products/34/034A_07467_001015/interferograms/20210104_20210122;A;Coseismic;us7000d0d0;https://gws-access.jasmin.ac.uk/public/nceo_geohazards/LiCSAR_products/34/034A_07467_001015/interferograms/20210104_20210122/20210104_20210122.geo.diff_pha.tif
034A_07467_001015;20201229_20210122;https://gws-access.jasmin.ac.uk/public/nceo_geohazards/LiCSAR_products/34/034A_07467_001015/interferograms/20201229_20210122;A;Coseismic;us7000d0d0;https://gws-access.jasmin.ac.uk/public/nceo_geohazards/LiCSAR_products/34/034A_07467_001015/interferograms/20201229_20210122/20201229_20210122.geo.diff_pha.tif
034A_07467_001015;20210116_20210122;https://gws-access.jasmin.ac.uk/public/nceo_geohazards/LiCSAR_products/34/034A_07467_001015/interferograms/20210116_20210122;A;Postseismic;us7000d0d0;https://gws-access.jasmin.ac.uk/public/nceo_geohazards/LiCSAR_products/34/034A_07467_001015/interferograms/20210116_20210122/20210116_20210122.geo.diff_pha.tif
136A_07522_091613;20210117_20210123;https://gws-access.jasmin.ac.uk/public/nceo_geohazards/LiCSAR_products/136/136A_07522_091613/interferograms/20210117_20210123;A;Postseismic;us7000d0d0;https://gws-access.jasmin.ac.uk/public/nceo_geohazards/LiCSAR_products/136/136A_07522_091613/interferograms/20210117_20210123/20210117_20210123.geo.diff_pha.tif
136A_07522_091613;20210111_20210123;https://gws-access.jasmin.ac.uk/public/nceo_geohazards/LiCSAR_products/136/136A_07522_091613/interferograms/20210111_20210123;A;Coseismic;us7000d0d0;https://gws-access.jasmin.ac.uk/public/nceo_geohazards/LiCSAR_products/136/136A_07522_091613/interferograms/20210111_20210123/20210111_20210123.geo.diff_pha.tif
136A_07522_091613;20201230_20210123;https://gws-access.jasmin.ac.uk/public/nceo_geohazards/LiCSAR_products/136/136A_07522_091613/interferograms/20201230_20210123;A;Coseismic;us7000d0d0;https://gws-access.jasmin.ac.uk/public/nceo_geohazards/LiCSAR_products/136/136A_07522_091613/interferograms/20201230_20210123/20201230_20210123.geo.diff_pha.tif
136A_07522_091613;20210105_20210123;https://gws-access.jasmin.ac.uk/public/nceo_geohazards/LiCSAR_products/136/136A_07522_091613/interferograms/20210105_20210123;A;Coseismic;us7000d0d0;https://gws-access.jasmin.ac.uk/public/nceo_geohazards/LiCSAR_products/136/136A_07522_091613/interferograms/20210105_20210123/20210105_20210123.geo.diff_pha.tif
136A_07496_151719;20210117_20210123;https://gws-access.jasmin.ac.uk/public/nceo_geohazards/LiCSAR_products/136/136A_07496_151719/interferograms/20210117_20210123;A;Postseismic;us7000d0d0;https://gws-access.jasmin.ac.uk/public/nceo_geohazards/LiCSAR_products/136/136A_07496_151719/interferograms/20210117_20210123/20210117_20210123.geo.diff_pha.tif
136A_07496_151719;20210111_20210123;https://gws-access.jasmin.ac.uk/public/nceo_geohazards/LiCSAR_products/136/136A_07496_151719/interferograms/20210111_20210123;A;Coseismic;us7000d0d0;https://gws-access.jasmin.ac.uk/public/nceo_geohazards/LiCSAR_products/136/136A_07496_151719/interferograms/20210111_20210123/20210111_20210123.geo.diff_pha.tif
136A_07496_151719;20201230_20210123;https://gws-access.jasmin.ac.uk/public/nceo_geohazards/LiCSAR_products/136/136A_07496_151719/interferograms/20201230_20210123;A;Coseismic;us7000d0d0;https://gws-access.jasmin.ac.uk/public/nceo_geohazards/LiCSAR_products/136/136A_07496_151719/interferograms/20201230_20210123/20201230_20210123.geo.diff_pha.tif
136A_07496_151719;20210105_20210123;https://gws-access.jasmin.ac.uk/public/nceo_geohazards/LiCSAR_products/136/136A_07496_151719/interferograms/20210105_20210123;A;Coseismic;us7000d0d0;https://gws-access.jasmin.ac.uk/public/nceo_geohazards/LiCSAR_products/136/136A_07496_151719/interferograms/20210105_20210123/20210105_20210123.geo.diff_pha.tif
099D_07414_161310;20210120_20210126;https://gws-access.jasmin.ac.uk/public/nceo_geohazards/LiCSAR_products/99/099D_07414_161310/interferograms/20210120_20210126;D;Postseismic;us7000d0d0;https://gws-access.jasmin.ac.uk/public/nceo_geohazards/LiCSAR_products/99/099D_07414_161310/interferograms/20210120_20210126/20210120_20210126.geo.diff_pha.tif
099D_07414_161310;20210108_20210126;https://gws-access.jasmin.ac.uk/public/nceo_geohazards/LiCSAR_products/99/099D_07414_161310/interferograms/20210108_20210126;D;Coseismic;us7000d0d0;https://gws-access.jasmin.ac.uk/public/nceo_geohazards/LiCSAR_products/99/099D_07414_161310/interferograms/20210108_20210126/20210108_20210126.geo.diff_pha.tif
099D_07414_161310;20210114_20210126;https://gws-access.jasmin.ac.uk/public/nceo_geohazards/LiCSAR_products/99/099D_07414_161310/interferograms/20210114_20210126;D;Coseismic;us7000d0d0;https://gws-access.jasmin.ac.uk/public/nceo_geohazards/LiCSAR_products/99/099D_07414_161310/interferograms/20210114_20210126/20210114_20210126.geo.diff_pha.tif
099D_07414_161310;20210102_20210126;https://gws-access.jasmin.ac.uk/public/nceo_geohazards/LiCSAR_products/99/099D_07414_161310/interferograms/20210102_20210126;D;Coseismic;us7000d0d0;https://gws-access.jasmin.ac.uk/public/nceo_geohazards/LiCSAR_products/99/099D_07414_161310/interferograms/20210102_20210126/20210102_20210126.geo.diff_pha.tif
026D_07514_131212;20210121_20210127;https://gws-access.jasmin.ac.uk/public/nceo_geohazards/LiCSAR_products/26/026D_07514_131212/interferograms/20210121_20210127;D;Postseismic;us7000d0d0;https://gws-access.jasmin.ac.uk/public/nceo_geohazards/LiCSAR_products/26/026D_07514_131212/interferograms/20210121_20210127/20210121_20210127.geo.diff_pha.tif
026D_07514_131212;20201122_20210127;https://gws-access.jasmin.ac.uk/public/nceo_geohazards/LiCSAR_products/26/026D_07514_131212/interferograms/20201122_20210127;D;Coseismic;us7000d0d0;https://gws-access.jasmin.ac.uk/public/nceo_geohazards/LiCSAR_products/26/026D_07514_131212/interferograms/20201122_20210127/20201122_20210127.geo.diff_pha.tif
026D_07514_131212;20201110_20210127;https://gws-access.jasmin.ac.uk/public/nceo_geohazards/LiCSAR_products/26/026D_07514_131212/interferograms/20201110_20210127;D;Coseismic;us7000d0d0;https://gws-access.jasmin.ac.uk/public/nceo_geohazards/LiCSAR_products/26/026D_07514_131212/interferograms/20201110_20210127/20201110_20210127.geo.diff_pha.tif
026D_07514_131212;20201116_20210127;https://gws-access.jasmin.ac.uk/public/nceo_geohazards/LiCSAR_products/26/026D_07514_131212/interferograms/20201116_20210127;D;Coseismic;us7000d0d0;https://gws-access.jasmin.ac.uk/public/nceo_geohazards/LiCSAR_products/26/026D_07514_131212/interferograms/20201116_20210127/20201116_20210127.geo.diff_pha.tif
026D_07514_131212;20201128_20210127;https://gws-access.jasmin.ac.uk/public/nceo_geohazards/LiCSAR_products/26/026D_07514_131212/interferograms/20201128_20210127;D;Coseismic;us7000d0d0;https://gws-access.jasmin.ac.uk/public/nceo_geohazards/LiCSAR_products/26/026D_07514_131212/interferograms/20201128_20210127/20201128_20210127.geo.diff_pha.tif
026D_07514_131212;20201104_20210127;https://gws-access.jasmin.ac.uk/public/nceo_geohazards/LiCSAR_products/26/026D_07514_131212/interferograms/20201104_20210127;D;Coseismic;us7000d0d0;https://gws-access.jasmin.ac.uk/public/nceo_geohazards/LiCSAR_products/26/026D_07514_131212/interferograms/20201104_20210127/20201104_20210127.geo.diff_pha.tif
034A_07467_001015;20210104_20210128;https://gws-access.jasmin.ac.uk/public/nceo_geohazards/LiCSAR_products/34/034A_07467_001015/interferograms/20210104_20210128;A;Coseismic;us7000d0d0;https://gws-access.jasmin.ac.uk/public/nceo_geohazards/LiCSAR_products/34/034A_07467_001015/interferograms/20210104_20210128/20210104_20210128.geo.diff_pha.tif
034A_07467_001015;20210122_20210128;https://gws-access.jasmin.ac.uk/public/nceo_geohazards/LiCSAR_products/34/034A_07467_001015/interferograms/20210122_20210128;A;Postseismic;us7000d0d0;https://gws-access.jasmin.ac.uk/public/nceo_geohazards/LiCSAR_products/34/034A_07467_001015/interferograms/20210122_20210128/20210122_20210128.geo.diff_pha.tif
034A_07467_001015;20210116_20210128;https://gws-access.jasmin.ac.uk/public/nceo_geohazards/LiCSAR_products/34/034A_07467_001015/interferograms/20210116_20210128;A;Postseismic;us7000d0d0;https://gws-access.jasmin.ac.uk/public/nceo_geohazards/LiCSAR_products/34/034A_07467_001015/interferograms/20210116_20210128/20210116_20210128.geo.diff_pha.tif
034A_07467_001015;20210110_20210128;https://gws-access.jasmin.ac.uk/public/nceo_geohazards/LiCSAR_products/34/034A_07467_001015/interferograms/20210110_20210128;A;Coseismic;us7000d0d0;https://gws-access.jasmin.ac.uk/public/nceo_geohazards/LiCSAR_products/34/034A_07467_001015/interferograms/20210110_20210128/20210110_20210128.geo.diff_pha.tif
034A_07467_001015;20201229_20210128;https://gws-access.jasmin.ac.uk/public/nceo_geohazards/LiCSAR_products/34/034A_07467_001015/interferograms/20201229_20210128;A;Coseismic;us7000d0d0;https://gws-access.jasmin.ac.uk/public/nceo_geohazards/LiCSAR_products/34/034A_07467_001015/interferograms/20201229_20210128/20201229_20210128.geo.diff_pha.tif
034A_07541_000305;20210104_20210128;https://gws-access.jasmin.ac.uk/public/nceo_geohazards/LiCSAR_products/34/034A_07541_000305/interferograms/20210104_20210128;A;Coseismic;us7000d0d0;https://gws-access.jasmin.ac.uk/public/nceo_geohazards/LiCSAR_products/34/034A_07541_000305/interferograms/20210104_20210128/20210104_20210128.geo.diff_pha.tif
034A_07541_000305;20210122_20210128;https://gws-access.jasmin.ac.uk/public/nceo_geohazards/LiCSAR_products/34/034A_07541_000305/interferograms/20210122_20210128;A;Postseismic;us7000d0d0;https://gws-access.jasmin.ac.uk/public/nceo_geohazards/LiCSAR_products/34/034A_07541_000305/interferograms/20210122_20210128/20210122_20210128.geo.diff_pha.tif
034A_07541_000305;20210116_20210128;https://gws-access.jasmin.ac.uk/public/nceo_geohazards/LiCSAR_products/34/034A_07541_000305/interferograms/20210116_20210128;A;Postseismic;us7000d0d0;https://gws-access.jasmin.ac.uk/public/nceo_geohazards/LiCSAR_products/34/034A_07541_000305/interferograms/20210116_20210128/20210116_20210128.geo.diff_pha.tif
034A_07541_000305;20210110_20210128;https://gws-access.jasmin.ac.uk/public/nceo_geohazards/LiCSAR_products/34/034A_07541_000305/interferograms/20210110_20210128;A;Coseismic;us7000d0d0;https://gws-access.jasmin.ac.uk/public/nceo_geohazards/LiCSAR_products/34/034A_07541_000305/interferograms/20210110_20210128/20210110_20210128.geo.diff_pha.tif
034A_07541_000305;20201229_20210128;https://gws-access.jasmin.ac.uk/public/nceo_geohazards/LiCSAR_products/34/034A_07541_000305/interferograms/20201229_20210128;A;Coseismic;us7000d0d0;https://gws-access.jasmin.ac.uk/public/nceo_geohazards/LiCSAR_products/34/034A_07541_000305/interferograms/20201229_20210128/20201229_20210128.geo.diff_pha.tif
136A_07522_091613;20210105_20210129;https://gws-access.jasmin.ac.uk/public/nceo_geohazards/LiCSAR_products/136/136A_07522_091613/interferograms/20210105_20210129;A;Coseismic;us7000d0d0;https://gws-access.jasmin.ac.uk/public/nceo_geohazards/LiCSAR_products/136/136A_07522_091613/interferograms/20210105_20210129/20210105_20210129.geo.diff_pha.tif
136A_07522_091613;20210117_20210129;https://gws-access.jasmin.ac.uk/public/nceo_geohazards/LiCSAR_products/136/136A_07522_091613/interferograms/20210117_20210129;A;Postseismic;us7000d0d0;https://gws-access.jasmin.ac.uk/public/nceo_geohazards/LiCSAR_products/136/136A_07522_091613/interferograms/20210117_20210129/20210117_20210129.geo.diff_pha.tif
136A_07522_091613;20210123_20210129;https://gws-access.jasmin.ac.uk/public/nceo_geohazards/LiCSAR_products/136/136A_07522_091613/interferograms/20210123_20210129;A;Postseismic;us7000d0d0;https://gws-access.jasmin.ac.uk/public/nceo_geohazards/LiCSAR_products/136/136A_07522_091613/interferograms/20210123_20210129/20210123_20210129.geo.diff_pha.tif
136A_07522_091613;20201230_20210129;https://gws-access.jasmin.ac.uk/public/nceo_geohazards/LiCSAR_products/136/136A_07522_091613/interferograms/20201230_20210129;A;Coseismic;us7000d0d0;https://gws-access.jasmin.ac.uk/public/nceo_geohazards/LiCSAR_products/136/136A_07522_091613/interferograms/20201230_20210129/20201230_20210129.geo.diff_pha.tif
136A_07522_091613;20210111_20210129;https://gws-access.jasmin.ac.uk/public/nceo_geohazards/LiCSAR_products/136/136A_07522_091613/interferograms/20210111_20210129;A;Coseismic;us7000d0d0;https://gws-access.jasmin.ac.uk/public/nceo_geohazards/LiCSAR_products/136/136A_07522_091613/interferograms/20210111_20210129/20210111_20210129.geo.diff_pha.tif
099D_07414_161310;20210120_20210201;https://gws-access.jasmin.ac.uk/public/nceo_geohazards/LiCSAR_products/99/099D_07414_161310/interferograms/20210120_20210201;D;Postseismic;us7000d0d0;https://gws-access.jasmin.ac.uk/public/nceo_geohazards/LiCSAR_products/99/099D_07414_161310/interferograms/20210120_20210201/20210120_20210201.geo.diff_pha.tif
099D_07414_161310;20210126_20210201;https://gws-access.jasmin.ac.uk/public/nceo_geohazards/LiCSAR_products/99/099D_07414_161310/interferograms/20210126_20210201;D;Postseismic;us7000d0d0;https://gws-access.jasmin.ac.uk/public/nceo_geohazards/LiCSAR_products/99/099D_07414_161310/interferograms/20210126_20210201/20210126_20210201.geo.diff_pha.tif
099D_07414_161310;20210114_20210201;https://gws-access.jasmin.ac.uk/public/nceo_geohazards/LiCSAR_products/99/099D_07414_161310/interferograms/20210114_20210201;D;Coseismic;us7000d0d0;https://gws-access.jasmin.ac.uk/public/nceo_geohazards/LiCSAR_products/99/099D_07414_161310/interferograms/20210114_20210201/20210114_20210201.geo.diff_pha.tif
099D_07414_161310;20210108_20210201;https://gws-access.jasmin.ac.uk/public/nceo_geohazards/LiCSAR_products/99/099D_07414_161310/interferograms/20210108_20210201;D;Coseismic;us7000d0d0;https://gws-access.jasmin.ac.uk/public/nceo_geohazards/LiCSAR_products/99/099D_07414_161310/interferograms/20210108_20210201/20210108_20210201.geo.diff_pha.tif
099D_07414_161310;20210102_20210201;https://gws-access.jasmin.ac.uk/public/nceo_geohazards/LiCSAR_products/99/099D_07414_161310/interferograms/20210102_20210201;D;Coseismic;us7000d0d0;https://gws-access.jasmin.ac.uk/public/nceo_geohazards/LiCSAR_products/99/099D_07414_161310/interferograms/20210102_20210201/20210102_20210201.geo.diff_pha.tif
026D_07514_131212;20201116_20210202;https://gws-access.jasmin.ac.uk/public/nceo_geohazards/LiCSAR_products/26/026D_07514_131212/interferograms/20201116_20210202;D;Coseismic;us7000d0d0;https://gws-access.jasmin.ac.uk/public/nceo_geohazards/LiCSAR_products/26/026D_07514_131212/interferograms/20201116_20210202/20201116_20210202.geo.diff_pha.tif
026D_07514_131212;20210121_20210202;https://gws-access.jasmin.ac.uk/public/nceo_geohazards/LiCSAR_products/26/026D_07514_131212/interferograms/20210121_20210202;D;Postseismic;us7000d0d0;https://gws-access.jasmin.ac.uk/public/nceo_geohazards/LiCSAR_products/26/026D_07514_131212/interferograms/20210121_20210202/20210121_20210202.geo.diff_pha.tif
026D_07514_131212;20201128_20210202;https://gws-access.jasmin.ac.uk/public/nceo_geohazards/LiCSAR_products/26/026D_07514_131212/interferograms/20201128_20210202;D;Coseismic;us7000d0d0;https://gws-access.jasmin.ac.uk/public/nceo_geohazards/LiCSAR_products/26/026D_07514_131212/interferograms/20201128_20210202/20201128_20210202.geo.diff_pha.tif
026D_07514_131212;20201110_20210202;https://gws-access.jasmin.ac.uk/public/nceo_geohazards/LiCSAR_products/26/026D_07514_131212/interferograms/20201110_20210202;D;Coseismic;us7000d0d0;https://gws-access.jasmin.ac.uk/public/nceo_geohazards/LiCSAR_products/26/026D_07514_131212/interferograms/20201110_20210202/20201110_20210202.geo.diff_pha.tif
026D_07514_131212;20201122_20210202;https://gws-access.jasmin.ac.uk/public/nceo_geohazards/LiCSAR_products/26/026D_07514_131212/interferograms/20201122_20210202;D;Coseismic;us7000d0d0;https://gws-access.jasmin.ac.uk/public/nceo_geohazards/LiCSAR_products/26/026D_07514_131212/interferograms/20201122_20210202/20201122_20210202.geo.diff_pha.tif
026D_07514_131212;20201104_20210202;https://gws-access.jasmin.ac.uk/public/nceo_geohazards/LiCSAR_products/26/026D_07514_131212/interferograms/20201104_20210202;D;Coseismic;us7000d0d0;https://gws-access.jasmin.ac.uk/public/nceo_geohazards/LiCSAR_products/26/026D_07514_131212/interferograms/20201104_20210202/20201104_20210202.geo.diff_pha.tif
026D_07514_131212;20210127_20210202;https://gws-access.jasmin.ac.uk/public/nceo_geohazards/LiCSAR_products/26/026D_07514_131212/interferograms/20210127_20210202;D;Postseismic;us7000d0d0;https://gws-access.jasmin.ac.uk/public/nceo_geohazards/LiCSAR_products/26/026D_07514_131212/interferograms/20210127_20210202/20210127_20210202.geo.diff_pha.tif
034A_07467_001015;20201229_20210203;https://gws-access.jasmin.ac.uk/public/nceo_geohazards/LiCSAR_products/34/034A_07467_001015/interferograms/20201229_20210203;A;Coseismic;us7000d0d0;https://gws-access.jasmin.ac.uk/public/nceo_geohazards/LiCSAR_products/34/034A_07467_001015/interferograms/20201229_20210203/20201229_20210203.geo.diff_pha.tif
034A_07467_001015;20210104_20210203;https://gws-access.jasmin.ac.uk/public/nceo_geohazards/LiCSAR_products/34/034A_07467_001015/interferograms/20210104_20210203;A;Coseismic;us7000d0d0;https://gws-access.jasmin.ac.uk/public/nceo_geohazards/LiCSAR_products/34/034A_07467_001015/interferograms/20210104_20210203/20210104_20210203.geo.diff_pha.tif
034A_07467_001015;20210122_20210203;https://gws-access.jasmin.ac.uk/public/nceo_geohazards/LiCSAR_products/34/034A_07467_001015/interferograms/20210122_20210203;A;Postseismic;us7000d0d0;https://gws-access.jasmin.ac.uk/public/nceo_geohazards/LiCSAR_products/34/034A_07467_001015/interferograms/20210122_20210203/20210122_20210203.geo.diff_pha.tif
034A_07467_001015;20210110_20210203;https://gws-access.jasmin.ac.uk/public/nceo_geohazards/LiCSAR_products/34/034A_07467_001015/interferograms/20210110_20210203;A;Coseismic;us7000d0d0;https://gws-access.jasmin.ac.uk/public/nceo_geohazards/LiCSAR_products/34/034A_07467_001015/interferograms/20210110_20210203/20210110_20210203.geo.diff_pha.tif
034A_07467_001015;20210128_20210203;https://gws-access.jasmin.ac.uk/public/nceo_geohazards/LiCSAR_products/34/034A_07467_001015/interferograms/20210128_20210203;A;Postseismic;us7000d0d0;https://gws-access.jasmin.ac.uk/public/nceo_geohazards/LiCSAR_products/34/034A_07467_001015/interferograms/20210128_20210203/20210128_20210203.geo.diff_pha.tif
034A_07467_001015;20210116_20210203;https://gws-access.jasmin.ac.uk/public/nceo_geohazards/LiCSAR_products/34/034A_07467_001015/interferograms/20210116_20210203;A;Postseismic;us7000d0d0;https://gws-access.jasmin.ac.uk/public/nceo_geohazards/LiCSAR_products/34/034A_07467_001015/interferograms/20210116_20210203/20210116_20210203.geo.diff_pha.tif
099D_07414_161310;20210201_20210207;https://gws-access.jasmin.ac.uk/public/nceo_geohazards/LiCSAR_products/99/099D_07414_161310/interferograms/20210201_20210207;D;Postseismic;us7000d0d0;https://gws-access.jasmin.ac.uk/public/nceo_geohazards/LiCSAR_products/99/099D_07414_161310/interferograms/20210201_20210207/20210201_20210207.geo.diff_pha.tif
099D_07414_161310;20210126_20210207;https://gws-access.jasmin.ac.uk/public/nceo_geohazards/LiCSAR_products/99/099D_07414_161310/interferograms/20210126_20210207;D;Postseismic;us7000d0d0;https://gws-access.jasmin.ac.uk/public/nceo_geohazards/LiCSAR_products/99/099D_07414_161310/interferograms/20210126_20210207/20210126_20210207.geo.diff_pha.tif
099D_07414_161310;20210102_20210207;https://gws-access.jasmin.ac.uk/public/nceo_geohazards/LiCSAR_products/99/099D_07414_161310/interferograms/20210102_20210207;D;Coseismic;us7000d0d0;https://gws-access.jasmin.ac.uk/public/nceo_geohazards/LiCSAR_products/99/099D_07414_161310/interferograms/20210102_20210207/20210102_20210207.geo.diff_pha.tif
099D_07414_161310;20210114_20210207;https://gws-access.jasmin.ac.uk/public/nceo_geohazards/LiCSAR_products/99/099D_07414_161310/interferograms/20210114_20210207;D;Coseismic;us7000d0d0;https://gws-access.jasmin.ac.uk/public/nceo_geohazards/LiCSAR_products/99/099D_07414_161310/interferograms/20210114_20210207/20210114_20210207.geo.diff_pha.tif
099D_07414_161310;20210108_20210207;https://gws-access.jasmin.ac.uk/public/nceo_geohazards/LiCSAR_products/99/099D_07414_161310/interferograms/20210108_20210207;D;Coseismic;us7000d0d0;https://gws-access.jasmin.ac.uk/public/nceo_geohazards/LiCSAR_products/99/099D_07414_161310/interferograms/20210108_20210207/20210108_20210207.geo.diff_pha.tif
099D_07414_161310;20210120_20210207;https://gws-access.jasmin.ac.uk/public/nceo_geohazards/LiCSAR_products/99/099D_07414_161310/interferograms/20210120_20210207;D;Postseismic;us7000d0d0;https://gws-access.jasmin.ac.uk/public/nceo_geohazards/LiCSAR_products/99/099D_07414_161310/interferograms/20210120_20210207/20210120_20210207.geo.diff_pha.tif
